insert into types(title) values ('плоская'), ('объемная');
insert into materials(title) values ('пластик'), ('металл');
insert into knives(title) values ('сырный'), ('овощной'), ('морковный'), ('картофельный');
insert into colors(title) values ('серый'), ('красный'), ('оранжевый'), ('желтый'), ('зеленый');

insert into goods(product_id, title, type_id, size, elongated_handle) values
(20530, 'Терка комбинированная объемная с пластиковой ручкой Т-1у', 2, '86 х 100 х 230', false),
(20542, 'Терка четырехгранная объемная с пластиковой ручкой Т-2у', 2, '96 х 120 х 204', false),
(20395, 'Терка объемная прямоугольная с пластиковой ручкой Т-3у', 2, '86 х 64 х 200', false),
(20540, 'Терка четырехгранная объемная с металлической ручкой Тм-2у', 2, '96 х 120 х 204', false),
(20589, 'Терка объемная прямоугольная с металлической ручкой', 2, '86 х 64 х 200', false),
(20520, 'Терка комбинированная объемная с пластиковой рамкой', 2, '122 х 93 х 232', false),
(20531, 'Терка нержавеющая объемная с пластиковой ручкой и пластиковой рамкой в уп.', 2, '122 х 93 х 230', false),
(20541, 'Терка нержавеющая объемная с пластиковой ручкой', 2, '96 х 120 х 208', false),
(20430, 'Овощерезка с 4 встатвками О-1.', 1, '310 х 115', false),
(20543, 'Терка плоская картофельная ТПК-1у', 1, '238 х 90', false),
(20396, 'Терка плоская овощная ТПО-1у', 1, '238 х 90', false),
(20544, 'Терка плоская морковная ТПМ - 1у', 1, '238 х 90', false),
(20560, 'Терка плоская сырная в пластмассовом корпусе ТПС-3у', 1, '270 х 97', false),
(20762, 'Терка плоская овощная в пластмассовом корпусе ТПО-3у', 1, '279 х 97', false),
(20559, 'Терка плоская морковная в пластмассовом корпусе ТПМ-3у', 1, '270 х 97', false),
(20566, 'Терка плоская картофельная с полукруглой ручкой ТПК - 1.2 у', 1, '244 х 90', false),
(20570, 'Терка плоская овощная с полукруглой ручкой ТПО - 1.2', 1, '244 х 90', false),
(20890, 'Терка плоская морковная с полукруглой ручкой ТПМ - 1.2 у', 1, '244 х 90', false),
(20880, 'Терка плоская картофелная с удлиненной ручкой ТПК - 1.1у', 1, '330 х 90', true),
(20760, 'Терка плоская овощная с удлиненной ручкой ТПО - 1.1', 1, '330 х 90', true),
(20510, 'Терка плоская морковная с удлиненной ручкой ТПМ 1.1у', 1, '330 х 90', true);

insert into goods_colors(product_id, color_id) values
(20530, 1), (20530, 2),
(20542, 1), (20542, 2),
(20395, 1), (20395, 2),
(20540, 1),
(20589, 1),
(20520, 1), (20520, 2),
(20531, 1), (20531, 4),
(20541, 1), (20541, 4),
(20430, 1),
(20543, 1),
(20396, 1),
(20544, 1),
(20560, 1), 
(20560, 3),
(20762, 1), (20762, 5),
(20559, 1), (20559, 2),
(20566, 1),
(20570, 1),
(20890, 1),
(20880, 1),
(20760, 1),
(20510, 1);

insert into goods_knives(product_id, knive_id) values
(20530, 1), (20530, 2), (20530, 3), (20530, 4),
(20542, 1), (20542, 2), (20542, 3), (20542, 4),
(20395, 1), (20395, 2), (20395, 3), (20395, 4),
(20540, 1), (20540, 2), (20540, 3), (20540, 4), 
(20589, 1), (20589, 2), (20589, 3), (20589, 4),
(20520, 1), (20520, 2), (20520, 3), (20520, 4),
(20531, 1), (20531, 2), (20531, 3), (20531, 4),
(20541, 1), (20541, 2), (20541, 3), (20541, 4),
(20430, 2),
(20543, 4),
(20396, 2),
(20544, 3),
(20560, 1),
(20762, 2),
(20559, 3),
(20566, 4),
(20570, 2),
(20890, 3),
(20880, 4),
(20760, 2),
(20510, 3);

insert into goods_materials(product_id, material_id) values
(20530, 1), (20530, 2),
(20542, 1), (20542, 2),
(20395, 1), (20395, 2),
(20540, 1),
(20589, 1),
(20520, 1), (20520, 2),
(20531, 1), (20531, 2), 
(20541, 1), (20541, 2), 
(20430, 1),
(20543, 1),
(20396, 1),
(20544, 1),
(20560, 1), (20560, 2),
(20762, 1), (20762, 2),
(20559, 1), (20559, 2),
(20566, 1),
(20570, 1),
(20890, 1),
(20880, 1),
(20760, 1),
(20510, 1);

insert into users(login, password) values ('admin', '1fbced89af553b7073a11c15a7c786c6d8b88c7e54f761a585ad56b8f16f9297a88d18945a26628e0f4dc50d6eb1a71fd3e5ba2309623c8510f0bb1125db4f689798b43cba85b746c67d846cdcf2cbc4'); 